Beszállító;Weboldal;Azonosítás;Megjegyzés
FTS;https://www.fts-farina.it;valószínű;"FTS Farina Trading Sassuolo (IT) – billencs és felépítmény kiegészítők; ellenőrizni kell"
Ital Accessori;;NEM TALÁLHATÓ;131 termék (billencs bölcsők, acél keretek, oldalfalak) – pontos cégnév vagy weboldal kell
Alu-SV;https://www.alu-sv.com;biztos;Kereskedő (CZ/SK/PL) – saját cikkszámokkal
ALCOMET;https://www.alcomet.eu;biztos;Extrudáló (BG) – egyedi profilok, nincs nyilvános termékoldal
Constellium Decin;https://www.constellium.com;biztos;Extrudáló (Děčín, CZ) – egyedi profilok, nincs nyilvános termékoldal
ADAICO;https://www.adaico.com;biztos;Tetőemelők, rakoncák, C-sín
Edscha;https://www.edschats.com;biztos;Edscha Trailer Systems – tolótetők
Versus;https://www.versus-omega.com;biztos;Versus-Omega – tolótetők
JONESCO;https://jonesco-plastics.com;biztos;Szerszámosládák, sárvédők (UK)
G&C termékek;https://gnc-systems.com;biztos;G&C Systems – tetőventilátorok, tetőablakok (lószállítókhoz is)
Sand-Profile;https://www.sandprofile.com;biztos;SAND Profile GmbH – kéder- és gumiprofilok
PARLOK;https://www.parlok.com;biztos;Sárvédők, szerszámosládák (FI)
Pastore;https://www.pastorelombardi.com;biztos;Pastore & Lombardi – zsanérok, zárak (a cikkszámok egyeznek)
Klöckner;https://www.kloeckner.com;valószínű;Fémkereskedő – alapanyag (lemez, zártszelvény)
RE-ALL;https://www.re-all.it;valószínű;Alu profilok és billencs kiegészítők (IT)
POLSER;https://polser.com;biztos;Frigoser GFK lemezek (TR)
BODEGA;https://www.bodega.it;biztos;Alu extrudáló (IT)
Car-Alu;;NEM TALÁLHATÓ;24 termék (dobozos profilok, esőcsatorna) – weboldal kell
DG;;NEM TALÁLHATÓ;23 termék (DG 500 rakoncák) – teljes cégnév kell
Cimaplast;https://www.cimaplast.it;biztos;PVC/gumi profilok ipari járművekhez (IT)
EMEPE;;NEM TALÁLHATÓ;19 termék (zsanérok, inox fészkek) – weboldal kell
ESAL;https://www.esalforli.com;biztos;ESAL Forlì – alu profil kereskedő (IT)
Peri;https://www.peri.com;valószínű;PERI zsaluzó rétegelt lemez
Cargoframes Czech;https://cargoframes.eu;biztos;Cargo Frames – acél alvázprofilok (CZ)
Exlabesa PL;https://www.exlabesa.com;biztos;Extrudáló – egyedi profilok
Exlabesa ES;https://www.exlabesa.com;biztos;Extrudáló – egyedi profilok
Pommier Furgocar;https://www.pommier.eu;biztos;Pommier / Furgocar – zsanérok, zárak, inox
Pommier;https://www.pommier.eu;biztos;
BMC Flexpar;;bizonytalan;"Szerszámosládák – talán Daken ládák forgalmazója; weboldal kell"
BAYU;;NEM TALÁLHATÓ;Rétegelt lemezek – weboldal kell
D.LaPorte;;valószínű;"D. La Porte (DLP) – zárszerkezetek (NL); weboldal címe kell"
Gummitrading;;NEM TALÁLHATÓ;Rámpaszőnyegek – weboldal kell
Takler;https://trucksandtrailers.taklergroup.com;biztos;Takler (IT) – alu oldalfalak, zárak
Dost;;NEM TALÁLHATÓ;Ponyvagörgők, rakonca kocsi – weboldal kell
Profilpol;https://profilpolsystem.pl;biztos;Profilpol System (PL)
Allco;;NEM TALÁLHATÓ;Alu profilok – weboldal kell
Metra;https://www.metra.eu;biztos;Alu extrudáló (IT)
Grupa Kęty;https://www.grupakety.com;biztos;Extrudáló (PL) – egyedi profilok
Plastic Padana;;NEM TALÁLHATÓ;Sárvédő gumik, sárfogók – weboldal kell
ALSAP;;NEM TALÁLHATÓ;Ajtószegő profilok – weboldal kell
IndesCar;https://indescar.com;biztos;Zsanérok, zárak (ES)
CNT conta;;NEM TALÁLHATÓ;Konténer tömítés, center profil – weboldal kell
Wistra;https://www.wistra.eu;biztos;Rakományrögzítés (DE)
EXAL;;NEM TALÁLHATÓ;Ponyvacső, zártszelvény – weboldal kell
AC-RIU;;NEM TALÁLHATÓ;Ajtóhatárolók – weboldal kell
Novelis;https://www.novelis.com;biztos;Festett alu lemez (alapanyag)
PB planen;;NEM TALÁLHATÓ;Feszítő cső, heveder – weboldal kell
MetalMec;;NEM TALÁLHATÓ;Rámpák – weboldal kell
Load Look;;bizonytalan;Rakományrögzítő rúd – talán „Load Lok”?
COPAR;https://www.copar.it;biztos;Co.Par. – műanyag szerszámosládák, sárvédők (IT)
VR-Trade;;NEM TALÁLHATÓ;Gumiszőnyegek – weboldal kell
OTO TRIM;;NEM TALÁLHATÓ;Tetőablakok – weboldal kell
Sachermayer;https://www.schachermayer.com;valószínű;Valószínűleg Schachermayer (AT) – elírás?
Industrilas;https://industrilas.com;biztos;Industrilås (SE) – a cikkszám egyezik
Westfalia;https://www.westfalia-automotive.com;valószínű;Vonóhorgok
Kadia;;NEM TALÁLHATÓ;1 termék
Sarolta;;NEM TALÁLHATÓ;1 termék – magyar kereskedő?
Demolli;;NEM TALÁLHATÓ;1 termék
Titgemeyer;https://www.titgemeyer.com;valószínű;Zárszerkezetek (DE)
TT-Parts;;NEM TALÁLHATÓ;1 termék
takler vagy esal;;KÉRDÉSES;Az Excelben két beszállító szerepel egy sorban
profilpol boyritec;;KÉRDÉSES;Az Excelben két név szerepel egy sorban
(nincs megadva);;HIÁNYZIK;75 terméknél nincs beszállító az Excelben
