Beszállító,Termékek,Ebből beszállítói kóddal,Termékcsoportok
FTS,198,176,"Billencs alkatrészek; Dobozos felépítmény alkatrészek; Elhúzható rolóponyvás rendszer; Platós alkatrészek és kiegészítők; Ponyvarendszer kiegészítők; Rakományrögzítés; Speciális felépítmény alkatrészek; Sárvédők, szerszámosládák"
Ital Accessori,131,115,"Acél profilok; Acél és alu rakoncák és szegők; Billencs alkatrészek; Dobozos felépítmény alkatrészek; Elhúzható rolóponyvás rendszer; Platós alkatrészek és kiegészítők; Ponyvás oldalfal profilok és szegők; Rakományrögzítés; Speciális felépítmény alkatrészek; Sárvédők, szerszámosládák"
Alu-SV,77,73,Acél és alu rakoncák és szegők; Alumínium alváz profilok; Alumínium padló profilok; Dobozos felépítmény alkatrészek; Elhúzható rolóponyvás rendszer; Platós alkatrészek és kiegészítők; Ponyvarendszer kiegészítők; Ponyvás oldalfal profilok és szegők; Rakományrögzítés; Zárt-dobozos és hűtős profilok
(nincs megadva),75,22,Alumínium lemezek; Billencs alkatrészek; Csúszásmentes rétegelt padló; Gumiszőnyegek; Hátsó ajtók és áthajtó rámpák; Zárt-dobozos és hűtős profilok
ALCOMET,50,40,Alumínium alváz profilok; Dobozos felépítmény alkatrészek; Ipari félgyártmányok; Ponyvarendszer kiegészítők; Zárt-dobozos és hűtős profilok
Constellium Decin,49,45,Acél és alu rakoncák és szegők; Alumínium alváz profilok; Alumínium padló profilok; Elhúzható rolóponyvás rendszer; Ipari félgyártmányok; Ponyvarendszer kiegészítők; Ponyvás oldalfal profilok és szegők; Zárt-dobozos és hűtős profilok
ADAICO,46,42,Acél és alu rakoncák és szegők; Dobozos felépítmény alkatrészek; Elhúzható rolóponyvás rendszer; Italszállító KIT; Platós alkatrészek és kiegészítők; Ponyvarendszer kiegészítők; Rakományrögzítés
Edscha,44,37,Elhúzható rolóponyvás rendszer
Versus,40,29,Elhúzható rolóponyvás rendszer
JONESCO,37,11,"Sárvédők, szerszámosládák"
G&C termékek,35,34,Speciális felépítmény alkatrészek
Sand-Profile,34,28,Kédergumik
PARLOK,33,26,"Sárvédők, szerszámosládák"
Pastore,30,26,Dobozos felépítmény alkatrészek; Speciális felépítmény alkatrészek
Klöckner,29,2,Alumínium lemezek; Ipari félgyártmányok
RE-ALL,28,26,Alumínium alváz profilok; Alumínium lemezek; Alumínium padló profilok; Dobozos felépítmény alkatrészek; Elhúzható rolóponyvás rendszer; Ipari félgyártmányok; Ponyvarendszer kiegészítők; Ponyvás oldalfal profilok és szegők; Zárt-dobozos és hűtős profilok
POLSER,28,0,Üvegszálas poliészter
BODEGA,25,22,Alumínium alváz profilok; Alumínium padló profilok; Ipari félgyártmányok; Ponyvarendszer kiegészítők; Ponyvás oldalfal profilok és szegők; Zárt-dobozos és hűtős profilok
Car-Alu,24,22,Dobozos felépítmény alkatrészek; Ipari félgyártmányok; Kédergumik; Ponyvás oldalfal profilok és szegők; Speciális felépítmény alkatrészek; Zárt-dobozos és hűtős profilok
DG,23,21,Acél és alu rakoncák és szegők
Cimaplast,19,18,Dobozos felépítmény alkatrészek; Elhúzható rolóponyvás rendszer
EMEPE,19,18,Dobozos felépítmény alkatrészek
ESAL,17,17,Alumínium alváz profilok; Dobozos felépítmény alkatrészek; Ipari félgyártmányok; Ponyvarendszer kiegészítők; Ponyvás oldalfal profilok és szegők; Zárt-dobozos és hűtős profilok
Peri,15,2,Csúszásmentes rétegelt padló
Cargoframes Czech,13,13,Acél profilok; Ponyvarendszer kiegészítők
Exlabesa PL,12,12,Alumínium alváz profilok; Alumínium padló profilok; Elhúzható rolóponyvás rendszer; Zárt-dobozos és hűtős profilok
Pommier Furgocar,12,11,Alumínium padló profilok; Dobozos felépítmény alkatrészek; Ponyvarendszer kiegészítők; Speciális felépítmény alkatrészek; Zárt-dobozos és hűtős profilok
BMC Flexpar,12,12,"Sárvédők, szerszámosládák"
BAYU,12,0,Csúszásmentes rétegelt padló
D.LaPorte,12,10,Speciális felépítmény alkatrészek
Gummitrading,11,0,Gumiszőnyegek
Takler,9,9,Dobozos felépítmény alkatrészek; Ponyvás oldalfal profilok és szegők
Dost,9,9,Elhúzható rolóponyvás rendszer; Italszállító KIT
Profilpol,7,6,Acél és alu rakoncák és szegők; Elhúzható rolóponyvás rendszer; Platós alkatrészek és kiegészítők; Ponyvarendszer kiegészítők; Rakományrögzítés
Allco,6,6,Ponyvarendszer kiegészítők; Ponyvás oldalfal profilok és szegők
Metra,6,6,Ponyvarendszer kiegészítők; Ponyvás oldalfal profilok és szegők
Grupa Kęty,5,5,Alumínium alváz profilok; Ponyvarendszer kiegészítők
Plastic Padana,5,5,"Sárvédők, szerszámosládák"
ALSAP,4,4,Zárt-dobozos és hűtős profilok
IndesCar,4,1,Dobozos felépítmény alkatrészek
CNT conta,4,4,Dobozos felépítmény alkatrészek
Wistra,4,4,Rakományrögzítés
Exlabesa ES,3,3,Alumínium alváz profilok; Ponyvarendszer kiegészítők
EXAL,3,3,Ipari félgyártmányok; Ponyvarendszer kiegészítők
Pommier,3,3,Dobozos felépítmény alkatrészek
AC-RIU,3,3,Dobozos felépítmény alkatrészek; Speciális felépítmény alkatrészek
Novelis,3,0,Alumínium lemezek
PB planen,2,2,Ponyvarendszer kiegészítők
MetalMec,2,2,Hátsó ajtók és áthajtó rámpák
Load Look,2,2,Rakományrögzítés
COPAR,2,2,"Sárvédők, szerszámosládák"
VR-Trade,2,0,Gumiszőnyegek
OTO TRIM,2,2,Speciális felépítmény alkatrészek
Sachermayer,2,2,Speciális felépítmény alkatrészek
Industrilas,2,2,Speciális felépítmény alkatrészek
Westfalia,2,2,Speciális felépítmény alkatrészek
takler vagy esal,1,1,Alumínium padló profilok
profilpol boyritec,1,1,Alumínium padló profilok
Kadia,1,0,Ponyvarendszer kiegészítők
Sarolta,1,0,Ponyvarendszer kiegészítők
Demolli,1,0,Dobozos felépítmény alkatrészek
Titgemeyer,1,0,Speciális felépítmény alkatrészek
TT-Parts,1,1,Speciális felépítmény alkatrészek
